strategy,trades,pnl,win_rate,pf,sharpe,max_dd
PrevDayHL,421,-723525.0,46.55581947743468,0.781582963154153,-1.3038232081951993,-859185.0
EMABounce,499,91735.0,32.26452905811623,1.0902583730174347,0.4561981125804851,-137900.0
ATRTrail,514,-39960.0,33.26848249027237,0.9645313900748249,-0.17901686468834457,-167640.0
NRBreakout,516,-198700.0,36.434108527131784,0.8863779320440536,-0.6775568327170995,-321180.0
EMACross,427,198780.0,31.61592505854801,1.1536273774837509,0.8001858054400516,-151980.0
HHBreakout,513,410.0,29.629629629629626,1.000196197125473,0.0011457652688500702,-270590.0
FirstPB,512,28950.0,44.921875,1.042371951085644,0.21854367822339066,-72915.0
TrendAccel,494,219820.0,31.376518218623485,1.1678156181053372,0.8501087447395831,-153000.0
