strategy,trades,pnl,win_rate,pf,sharpe,max_dd
InsideBar,516,-145630.0,34.689922480620154,0.9142490387389668,-0.49575534683539113,-378395.0
GapFade,426,182005.0,49.53051643192488,1.089783686456355,0.4443503856416998,-199815.0
ThreeBar,337,423170.0,43.02670623145401,1.3048983900194897,1.5398601534051897,-139865.0
OpenDrive,144,-40955.0,34.02777777777778,0.9153244981082143,-0.5553385106016856,-95160.0
Keltner,493,66220.0,44.21906693711968,1.0237996402379963,0.13147668583601832,-306935.0
Engulfing,460,-49320.0,36.73913043478261,0.9608914404431035,-0.20574123306230016,-173980.0
Exhaustion,422,-62155.0,35.308056872037916,0.9243340962212699,-0.4130000313512205,-108640.0
VWAP_MR,471,-199125.0,29.936305732484076,0.8063607985763325,-1.260351788423064,-271795.0
